id,Plays,webVideoUrl,text,createTimeISO,authorMeta/name,searchHashtag/name,Shares,Comments
0,11000,https://www.tiktok.com/@julian_saas/video/7247990986427600154,Y as√≠ es como se crea ü´°‚ÑπÔ∏è #saasespa√±ol #negociosonline #negociosdigitales #negociosentiktok #inteligenciaartificialnegocios #dollardorado ,2023-06-23T21:06:54.000Z,julian_saas,inteligenciaartificialnegocios,133,4
1,2855,https://www.tiktok.com/@julian_saas/video/7248636033569410330,Aprovecha el CAMBIO üåäüí∏ #dollardorado #negociosentiktok #inteligenciaartificialnegocios #negociosdigitales #negociosonline #saasespa√±ol #finanzas #marketingdigital ,2023-06-25T14:50:04.000Z,julian_saas,inteligenciaartificialnegocios,6,9
2,29800,https://www.tiktok.com/@nkqbusiness/video/7239917851518176518,¬øVes a la inteligencia artificial como amiga o enemiga? #iamexico #inteligenciaartificialmexico #inteligenciaartificialnegocios #networkingempresarial #negocioscdmx #nkq #ventasonlinemexico ,2023-06-02T02:58:56.000Z,nkqbusiness,inteligenciaartificialnegocios,0,1
3,963,https://www.tiktok.com/@eduilliano.ia/video/7275824405601602822,"üöÄLa Inteligencia Artificial ha avanzado como nunca antes en lo que va del 2023 en las diferentes ramas tales como marketing, ventas , automatizacion de procesos ,ext ü§ñLa IA esta ayudando a Negocios ,Marcas personales , emprendedor a crecer ¬øQue habilidad de inteligencia artificial has incorpado a tu sistema? #inteligemciaartificial  #ia  #inteligenciaartificialnegocios  #automatizacion  #estrategiasnegocios  #negociosdigitales  #futurodeltrabajo  #emprendedores  #marcapersonal  #eduilliania ",2023-09-06T21:14:44.000Z,eduilliano.ia,inteligenciaartificialnegocios,0,3
4,20700,https://www.tiktok.com/@nkqbusiness/video/7239918333875899654,¬øQuieres reducir el tiempo de espera de servicios de marketing? #negocioscdmx #networkingempresarial #nkq #inteligenciaartificialnegocios #inteligenciaartificialmexico #iamexico ,2023-06-02T03:00:49.000Z,nkqbusiness,inteligenciaartificialnegocios,0,1
5,6607,https://www.tiktok.com/@nkqbusiness/video/7239918854481153285,¬øQu√© har√≠as para conocer mejor tu cliente ideal? #iamexico #inteligenciaartificialmexico #inteligenciaartificialnegocios #nkq #networkingempresarial #emprendimientomexico #clienteideal ,2023-06-02T03:02:51.000Z,nkqbusiness,inteligenciaartificialnegocios,0,1
6,190,https://www.tiktok.com/@gwebinfo/video/7274019474238459142,#IAenRedesSociales #HerramientasIA #InteligenciaArtificial #RedesSocialesIA #SocialMediaIA #MarketingIA #AIenRedesSociales #SocialMediaInteligente #Automatizaci√≥nIA #ContenidoIA #GeneradorDeContenidoIA #Optimizaci√≥nIA #Gesti√≥nDeRedesSocialesIA #Tecnolog√≠aIA #Innovaci√≥nIA #EstrategiaIA #Anal√≠ticaIA #ChatbotIA #PublicidadIA #InteligenciaArtificialMarketing #RedesSocialesInteligentes #InteligenciaArtificialDigital #InteligenciaArtificialEmpresarial #InteligenciaArtificialCreativa #InteligenciaArtificialAvanzada #InteligenciaArtificialSocial #InteligenciaArtificialTendencias #InteligenciaArtificialInnovadora #InteligenciaArtificialDigitalMarketing #InteligenciaArtificialNegocios,2023-09-02T00:30:41.000Z,gwebinfo,inteligenciaartificialnegocios,0,0
7,581,https://www.tiktok.com/@lt.academy/video/7277797069530631430,"Aplicaciones de la Inteligencia Artificial Bienvenidos al futuro, donde la Inteligencia Artificial est√° transformando nuestras vidas cotidianas. Aqu√≠, la ciencia ficci√≥n se convierte en realidad. Imagina un mundo donde las m√°quinas aprenden y toman decisiones como humanos. Eso es Inteligencia Artificial. Con IA, las empresas pueden analizar grandes vol√∫menes de datos en segundos. Ahora, las decisiones comerciales son m√°s inteligentes y r√°pidas. Los hospitales est√°n cambiando gracias a la IA. Los diagn√≥sticos son m√°s precisos, los tratamientos m√°s personalizados y los pacientes m√°s seguros. La IA tambi√©n est√° revolucionando la educaci√≥n. Los sistemas de tutor√≠a inteligente personalizan el aprendizaje, haciendo que cada estudiante sea √∫nico. En la industria automotriz, los coches aut√≥nomos son una realidad. Gracias a la IA, se reducen los accidentes y se ahorra tiempo. Tambi√©n, la IA est√° cambiando nuestras casas. Los asistentes virtuales nos ayudan en nuestras tareas diarias, desde preparar caf√© hasta ajustar la temperatura. La Inteligencia Artificial no es solo una moda, es una revoluci√≥n. Y solo estamos empezando a ver su potencial. El futuro ya est√° aqu√≠, y la Inteligencia Artificial est√° liderando el camino. Bienvenidos al mundo de la IA. No te quedes atr√°s. √önete a la revoluci√≥n de la Inteligencia Artificial. Te invitamos a ser parte del futuro, hoy. Si quieres saber m√°s de c√≥mo puedes sacar partido de esta revoluci√≥n, visita nuestro perfil            #inteligenciaartificial #artificialintelligence #queeslainteligenciaartificial #usosdelaai #usosdelainteligenciaartificial #inteligenciaartificialü§ñ #inteligenciaartificialmarketing #inteligenciaartificialnegocios ",2023-09-12T04:49:42.000Z,lt.academy,inteligenciaartificialnegocios,1,0
8,12100,https://www.tiktok.com/@nkqbusiness/video/7239919279884307718,¬øQu√© te gustar√≠a saber de inteligencia artificial? #emprendimientomexico #networkingempresarial #nkq #inteligenciaartificialnegocios #inteligenciaartificialmexico #negocioscdmx #iamexico ,2023-06-02T03:04:31.000Z,nkqbusiness,inteligenciaartificialnegocios,0,1
9,162,https://www.tiktok.com/@gwebinfo/video/7273120127019666694,#IAenRedesSociales #HerramientasIA #InteligenciaArtificial #RedesSocialesIA #SocialMediaIA #MarketingIA #AIenRedesSociales #SocialMediaInteligente #Automatizaci√≥nIA #ContenidoIA #GeneradorDeContenidoIA #Optimizaci√≥nIA #Gesti√≥nDeRedesSocialesIA #Tecnolog√≠aIA #Innovaci√≥nIA #EstrategiaIA #Anal√≠ticaIA #ChatbotIA #PublicidadIA #InteligenciaArtificialMarketing #RedesSocialesInteligentes #InteligenciaArtificialDigital #InteligenciaArtificialEmpresarial #InteligenciaArtificialCreativa #InteligenciaArtificialAvanzada #InteligenciaArtificialSocial #InteligenciaArtificialTendencias #InteligenciaArtificialInnovadora #InteligenciaArtificialDigitalMarketing #InteligenciaArtificialNegocios,2023-08-30T14:20:43.000Z,gwebinfo,inteligenciaartificialnegocios,0,0
10,6612,https://www.tiktok.com/@nkqbusiness/video/7240682442376350981,"La IA puede ser el socio silencioso que todo emprendedor necesita. Es como un asistente virtual que nunca duerme, trabajando 24/7 para hacer que tu negocio sea m√°s eficiente. Con IA, puedes automatizar tareas que sol√≠an consumirte horas, permiti√©ndote centrarte en lo que realmente importa: tu negocio. La IA tambi√©n puede analizar grandes vol√∫menes de datos, d√°ndote insights valiosos para tomar decisiones m√°s informadas y estrat√©gicas. Adem√°s, la IA te ayuda a entender mejor a tus clientes, personalizando tu comunicaci√≥n y ofreci√©ndoles exactamente lo que necesitan. #inteligenciaartificialnegocios #emprendimientomexico #emprendedoresmexico #iamexico #negociosmexico #inteligenciaartificialmexico #networkingempresarial #negocioscdmx #nkq ",2023-06-04T04:25:57.000Z,nkqbusiness,inteligenciaartificialnegocios,0,0
11,185,https://www.tiktok.com/@gwebinfo/video/7272444576810470661,#IAenRedesSociales #HerramientasIA #InteligenciaArtificial #RedesSocialesIA #SocialMediaIA #MarketingIA #AIenRedesSociales #SocialMediaInteligente #Automatizaci√≥nIA #ContenidoIA #GeneradorDeContenidoIA #Optimizaci√≥nIA #Gesti√≥nDeRedesSocialesIA #Tecnolog√≠aIA #Innovaci√≥nIA #EstrategiaIA #Anal√≠ticaIA #ChatbotIA #PublicidadIA #InteligenciaArtificialMarketing #RedesSocialesInteligentes #InteligenciaArtificialDigital #InteligenciaArtificialEmpresarial #InteligenciaArtificialCreativa #InteligenciaArtificialAvanzada #InteligenciaArtificialSocial #InteligenciaArtificialTendencias #InteligenciaArtificialInnovadora #InteligenciaArtificialDigitalMarketing #InteligenciaArtificialNegocios,2023-08-28T18:39:16.000Z,gwebinfo,inteligenciaartificialnegocios,2,0
12,170,https://www.tiktok.com/@gwebinfo/video/7272533729803783429,#IAenRedesSociales #HerramientasIA #InteligenciaArtificial #RedesSocialesIA #SocialMediaIA #MarketingIA #AIenRedesSociales #SocialMediaInteligente #Automatizaci√≥nIA #ContenidoIA #GeneradorDeContenidoIA #Optimizaci√≥nIA #Gesti√≥nDeRedesSocialesIA #Tecnolog√≠aIA #Innovaci√≥nIA #EstrategiaIA #Anal√≠ticaIA #ChatbotIA #PublicidadIA #InteligenciaArtificialMarketing #RedesSocialesInteligentes #InteligenciaArtificialDigital #InteligenciaArtificialEmpresarial #InteligenciaArtificialCreativa #InteligenciaArtificialAvanzada #InteligenciaArtificialSocial #InteligenciaArtificialTendencias #InteligenciaArtificialInnovadora #InteligenciaArtificialDigitalMarketing #InteligenciaArtificialNegocios,2023-08-29T00:25:13.000Z,gwebinfo,inteligenciaartificialnegocios,0,0
13,492,https://www.tiktok.com/@nkqbusiness/video/7240678706287611141,"En el vertiginoso mundo del marketing digital, el tiempo es oro. A veces, las tareas de an√°lisis, segmentaci√≥n y personalizaci√≥n pueden llevar semanas. Pero ¬øqu√© pasar√≠a si pudieras reducir ese tiempo dr√°sticamente? La IA es esa revoluci√≥n que ha venido a cambiar la forma en que trabajamos. Ya no hablamos de semanas, sino de horas, o incluso minutos. Con IA, puedes automatizar procesos, analizar grandes vol√∫menes de datos y ofrecer contenido personalizado a tus clientes de forma m√°s eficiente y r√°pida. Pero eso no es todo. La IA tambi√©n puede ayudarte a predecir tendencias y comportamientos de los consumidores, permiti√©ndote tomar decisiones m√°s informadas y estrat√©gicas. En este video, exploramos a fondo c√≥mo la IA est√° transformando el marketing, y c√≥mo puedes aprovechar su poder para mejorar tu productividad, ahorrar tiempo y, en √∫ltima instancia, impulsar¬†tu¬†negocio.#nkq #ventasonlinemexico #negocioscdmx #networkingempresarial #inteligenciaartificialmexico #negociosmexico #iamexico #emprendedoresmexico #inteligenciaartificialnegocios #emprendimientomexico #marketingdigitalmexico ",2023-06-04T04:11:27.000Z,nkqbusiness,inteligenciaartificialnegocios,0,0
14,334,https://www.tiktok.com/@nkqbusiness/video/7240679075537358085,"La IA no viene a quitarte tu empleo, viene a mejorar la forma en que trabajamos. Automatiza tareas repetitivas, aporta precisi√≥n y eficiencia, y libera tiempo para que te centres en lo realmente importante. En lugar de reemplazarte, la IA te potencia. Pero aqu√≠ est√° la verdadera cuesti√≥n: el desconocimiento sobre c√≥mo utilizar la IA puede ser el verdadero obst√°culo. No aprovechar su potencial puede dejarte atr√°s en esta carrera tecnol√≥gica. #emprendimientomexico #inteligenciaartificialnegocios #emprendedoresmexico #iamexico #negociosmexico #inteligenciaartificialmexico #networkingempresarial #negocioscdmx #nkq ",2023-06-04T04:12:52.000Z,nkqbusiness,inteligenciaartificialnegocios,0,0
15,166,https://www.tiktok.com/@gwebinfo/video/7272819627388849414,#IAenRedesSociales #HerramientasIA #InteligenciaArtificial #RedesSocialesIA #SocialMediaIA #MarketingIA #AIenRedesSociales #SocialMediaInteligente #Automatizaci√≥nIA #ContenidoIA #GeneradorDeContenidoIA #Optimizaci√≥nIA #Gesti√≥nDeRedesSocialesIA #Tecnolog√≠aIA #Innovaci√≥nIA #EstrategiaIA #Anal√≠ticaIA #ChatbotIA #PublicidadIA #InteligenciaArtificialMarketing #RedesSocialesInteligentes #InteligenciaArtificialDigital #InteligenciaArtificialEmpresarial #InteligenciaArtificialCreativa #InteligenciaArtificialAvanzada #InteligenciaArtificialSocial #InteligenciaArtificialTendencias #InteligenciaArtificialInnovadora #InteligenciaArtificialDigitalMarketing #InteligenciaArtificialNegocios,2023-08-29T18:54:38.000Z,gwebinfo,inteligenciaartificialnegocios,0,0
16,154,https://www.tiktok.com/@gwebinfo/video/7274253520486911237,#IAenRedesSociales #HerramientasIA #InteligenciaArtificial #RedesSocialesIA #SocialMediaIA #MarketingIA #AIenRedesSociales #SocialMediaInteligente #Automatizaci√≥nIA #ContenidoIA #GeneradorDeContenidoIA #Optimizaci√≥nIA #Gesti√≥nDeRedesSocialesIA #Tecnolog√≠aIA #Innovaci√≥nIA #EstrategiaIA #Anal√≠ticaIA #ChatbotIA #PublicidadIA #InteligenciaArtificialMarketing #RedesSocialesInteligentes #InteligenciaArtificialDigital #InteligenciaArtificialEmpresarial #InteligenciaArtificialCreativa #InteligenciaArtificialAvanzada #InteligenciaArtificialSocial #InteligenciaArtificialTendencias #InteligenciaArtificialInnovadora #InteligenciaArtificialDigitalMarketing #InteligenciaArtificialNegocios#VivaVideo ,2023-09-02T15:38:54.000Z,gwebinfo,inteligenciaartificialnegocios,0,0
17,35,https://www.tiktok.com/@lt.academy/video/7278160708120907013,"¬°Todo mundo est√° hablando de esto! ¬øBuscas una forma innovadora de interactuar con tus clientes? ¬°ChatGPT es lo de hoy! Esta herramienta de inteligencia artificial genera respuestas coherentes y relevantes en tiempo real. Ideal para soporte de todo tipo de usuarios, ChatGPT responde preguntas y resuelve problemas de manera eficiente. ¬øNecesitas ayuda con la redacci√≥n? ChatGPT tambi√©n puede ayudarte a crear contenido de alta calidad para compartirlo en tus redes sociales. No esperes m√°s, ¬°escribe Chat si quieres aprender a utilizarlo de manera profesional! #artificialintelligence #chatgpt #chatgptprompts #chatgpttips #chatgpttutorial #inteligenciaartificial #inteligenciaartificialnegocios #inteligenciaartificialymarketing #chatgptbot",2023-09-13T04:20:47.000Z,lt.academy,inteligenciaartificialnegocios,0,0
18,66,https://www.tiktok.com/@christianchirino21/video/7231369511662931205,#CapCut #InteligenciaArtificialEmprendedores #IAparaEmprendedores #EmprendiendoconIA #Tecnolog√≠aEmprendedora #AIparaNegocios #InteligenciaArtificialNegocios #EmprendimientoTecnol√≥gico #Innovaci√≥nEmprendedora #NegociosInteligentes #AIyEmprendimiento,2023-05-10T02:07:04.000Z,christianchirino21,inteligenciaartificialnegocios,0,1
19,573,https://www.tiktok.com/@nkqbusiness/video/7240678139750386950,"La IA puede ser el socio silencioso que todo emprendedor necesita. Es como un asistente virtual que nunca duerme, trabajando 24/7 para hacer que tu negocio sea m√°s eficiente. Con IA, puedes automatizar tareas que sol√≠an consumirte horas, permiti√©ndote centrarte en lo que realmente importa: tu negocio. La IA tambi√©n puede analizar grandes vol√∫menes de datos, d√°ndote insights valiosos para tomar decisiones m√°s informadas y estrat√©gicas. Adem√°s, la IA te ayuda a entender mejor a tus clientes, personalizando tu comunicaci√≥n y ofreci√©ndoles exactamente lo que necesitan. #emprendimientomexico #inteligenciaartificialnegocios #emprendedoresmexico #iamexico #negociosmexico  #inteligenciaartificialmexico #networkingempresarial #negocioscdmx #ventasonlinemexico #nkq ",2023-06-04T04:09:16.000Z,nkqbusiness,inteligenciaartificialnegocios,0,0
20,46900000,https://www.tiktok.com/@edmundsplanet/video/7172637057406258438,Animales que no subieron al Arca de No√© üåä #animales #diluvio #arcadenoe #noe #diluviouniversal #no√© #animal #arca #biblia #ia #ai #midjourney #midjourneyv4 #misterio #inteligenciaartificial ,2022-12-02T19:35:05.000Z,edmundsplanet,inteligenciaartificial,20500,19900
21,39300000,https://www.tiktok.com/@carlos_name/video/7175650039660956933,Cuidado si compras este #robot #inteligenciaartificial #curiosidades ,2022-12-10T22:27:03.000Z,carlos_name,inteligenciaartificial,34500,13100
22,20200000,https://www.tiktok.com/@chatgptrending/video/7198777437671525638,Deja que ChatGPT haga tu tarea! #tarea #entrega #proyecto #ensayo #ChatGPT #facil #AI #IA #escuela #viral #trending #trend #machinelearning #inteligenciaartificial,2023-02-11T06:13:18.000Z,chatgptrending,inteligenciaartificial,22700,6534
23,18700000,https://www.tiktok.com/@andres.viajando_conmigo/video/7217859687499173126,Video De #Alexiregio #culturaprehispanica como seria nuestra Cultura #ia #inteligenciaartificial ,2023-04-03T16:22:00.000Z,andres.viajando_conmigo,inteligenciaartificial,32500,18000
24,17600000,https://www.tiktok.com/@iaavancada8/video/7228814237940878597,Ameca Entrevista PT 2 #Ameca #inteligenciaartificial #robo #ciencia #ces2022 #tecnologia #humanoide #foryou ,2023-05-03T04:51:15.000Z,iaavancada8,inteligenciaartificial,74900,42800
25,21000000,https://www.tiktok.com/@mishima9505/video/7264208883797724421,"Personajes de la serie animada Clarence como Belson, Jeff, Sumo y Clarence seg√∫n Inteligencia Artificial üòä #ia #inteligenciaartificial #clarence #belson #jeff #sumo #cartoon #cartoonnetwork #liveaction ",2023-08-06T14:00:32.000Z,mishima9505,inteligenciaartificial,29000,15100
26,11900000,https://www.tiktok.com/@jaydustin/video/7236949717911932166,As√≠ sonar√≠a una canci√≥n entre Anuel AA y Bad Bunny con inteligencia artificial @ANUEL @Bad Bunny Lo soltamos?? #fyp #fyp„Ç∑ #parati #viral #musica #anuel #anuelaa #badbunny #badbunnypr #inteligenciaartificial #ia #ai #rhlm #realhastalamuerte #anuelia #badbunnyia #trap ,2023-05-25T03:01:04.000Z,jaydustin,inteligenciaartificial,13900,12000
27,15600000,https://www.tiktok.com/@wario.duckerman/video/6998580654308936966,#Sophia la #robot #humanoide ü§ñ‚ù§ #amor #robots #inteligenciaartificial #viral #robotsontiktok #tiktoktech #ai #ia #science #lacasadepapel #fyp„Ç∑,2021-08-20T18:27:19.000Z,wario.duckerman,inteligenciaartificial,11800,9840
28,10900000,https://www.tiktok.com/@dan_fuentes/video/7219490916938173701,Nueva herramienta de Inteligencia Artificial ü§ñü§Ø #chatgpt #ia #quillbot #inteligenciaartificial #tecnologia ,2023-04-08T01:52:01.000Z,dan_fuentes,inteligenciaartificial,18800,4052
29,10900000,https://www.tiktok.com/@bauguell/video/7289554730781625606,Perro salchicha #perrosalchicha #ia #inteligenciaartificial #ai,2023-10-13T21:15:26.000Z,bauguell,inteligenciaartificial,73600,11100
30,15900000,https://www.tiktok.com/@wario.duckerman/video/6996831478948662534,#Sophia la #robot #humanoide ü§ñü§Øüò≥ #inteligenciaartificial #ai #ia #robot #viral #robotsontiktok #science #ciencia #tecnologia #futuro #foryou,2021-08-16T01:19:38.000Z,wario.duckerman,inteligenciaartificial,18800,8997
31,7500000,https://www.tiktok.com/@artisseai_co/video/7276574442912828677,1 Recopilacion | para que puedan ver a todos los personajes ü•∞ ¬øque otros quieren ver ? #artisseai #IA #inteligenciaartificial #disney #tinkerbellcosplayers ,2023-09-08T21:45:15.000Z,artisseai_co,inteligenciaartificial,9286,5098
32,8600000,https://www.tiktok.com/@i040708/video/7282429934922910981,mi infancia #disney #nostalgia #inteligenciaartificial #fypage ,2023-09-24T16:27:32.000Z,i040708,inteligenciaartificial,10700,0
33,6500000,https://www.tiktok.com/@paolacordova857/video/7192635340081892614,"Alexa, voy a tomar un ba√±o! üßñüèº‚Äç‚ôÄÔ∏è Ventajasss üè†üß†üí´ #intelihogarmx  #smarthome #smartlife #tech #inteligenciaartificial  #fyp #foryoupage #viral ",2023-01-25T16:58:38.000Z,paolacordova857,inteligenciaartificial,5571,1627
34,9500000,https://www.tiktok.com/@chatgpt209/video/7205349378922515717,Tarea en menos de 1 minuto con Chat GPT #tarea #entrega #proyecto #ensayo #ChatGPT #facil #Al #IA  #escuela #viral #trending #trend #machinelearning #inteligenciaartificial ,2023-02-28T23:15:39.000Z,chatgpt209,inteligenciaartificial,6766,2256
35,11600000,https://www.tiktok.com/@juanpabllourrea/video/7233452654742064390,IA #ia #üß† #üåé #robot #inteligenciaartificial #tecnologia ,2023-05-15T16:50:41.000Z,juanpabllourrea,inteligenciaartificial,66300,2680
36,8700000,https://www.tiktok.com/@elhexabyte/video/7254366163721915653,"Si ya est√°s usando inteligencia artificial para hacer tus tareas y trabajos quiero presentarte @Wondershare PDFelement una aplicaci√≥n super completa que ha implementado un mont√≥n de funciones con IA para que hagas lo que necesitas en segundos. Adem√°s, puedes usarla para editar absolutamente todo lo que se te ocurra de tu archivo PDF. #PDFElementAI #Adobealternative #pdfelement #inteligenciaartificial #AI #IA #educacion #aprendeentiktok ",2023-07-11T01:25:46.000Z,elhexabyte,inteligenciaartificial,33300,1544
37,13400000,https://www.tiktok.com/@elonmusk_ai/video/7250522472213236998,¬øCompro Venezuela? üáªüá™ #ElonMusk #IA #InteligenciaArtificial #AI #ArtificialIntelligence #DeepFake #NoReal ,2023-06-30T16:50:17.000Z,elonmusk_ai,inteligenciaartificial,21700,16500
38,23600000,https://www.tiktok.com/@salomaocardoso10/video/7203590034522688774,"O cara simplesmente fez os personagens de GTA: San Andreas na vida real, usando a nova ferramenta ""ControlNet"" do Stable Diffusion.#gta #ia #inteligenciaartificial #gtasanandreas ",2023-02-24T05:28:35.000Z,salomaocardoso10,inteligenciaartificial,18900,15700
39,11600000,https://www.tiktok.com/@solvethex/video/7122095318597930246,"Coloraci√≥n realizada por ‚ÄúDream Dust‚Äù en Youtube ‚ÄúAtomic Power, Albert Einstein and Leo Szilard, Color Video‚Äù #einstein #inteligenciaartificial #fyp„Ç∑ #parati",2022-07-19T14:47:20.000Z,solvethex,inteligenciaartificial,9089,4048
40,20700000,https://www.tiktok.com/@socialmario/video/7108399661743983877,Te ha pasado esto? üëÄ #finanzas #dinero #negocios #viaje #aprendeentiktok,2022-06-12T17:01:11.000Z,socialmario,negocios,39200,4760
41,33800000,https://www.tiktok.com/@iconik.ve/video/7215704583778192646,No se den por vencidosüí™üèΩ #emprendimiento #negocios #tienda #ropa #moda #shein #moda #viral #fyp„Ç∑ ,2023-03-28T20:59:06.000Z,iconik.ve,negocios,33700,10000
42,16300000,https://www.tiktok.com/@sergiemprendes/video/7232352554980494618,Vamos a hacer algo grande‚Ä¶üòâüìàüîùüí∞#negocios #motivacion #mindset #dinero #emprendedor #millonario ,2023-05-12T17:41:50.000Z,sergiemprendes,negocios,2270,4291
43,18900000,https://www.tiktok.com/@johnny_stock/video/7104741176816733446,La empress mas poderosa del mundo #finanzas #dinero #negocios #inversion #invertir,2022-06-02T20:24:24.000Z,johnny_stock,negocios,5603,8769
44,21700000,https://www.tiktok.com/@dan_fuentes/video/7181256749763054853,Que efecto tiene en ti? ü§îüìö #tdah #motivacion #exito #negocios #dinero #emprendimiento #inversiones ,2022-12-26T01:03:58.000Z,dan_fuentes,negocios,41400,26500
45,22600000,https://www.tiktok.com/@davidotalora/video/7219100908326522118,Lo que las aerolineas NO quieren que sepas ‚úàÔ∏èü§Ø #viaje #vuelo #equipaje #finanzaspersonales #negocios ,2023-04-07T00:38:35.000Z,davidotalora,negocios,55600,5840
46,26900000,https://www.tiktok.com/@capital_inteligente/video/7187212614252924165,"En las inversiones, como en la vida, postergar los beneficios mejora los resultados üöÄ #finanzas #invertir #inversiones #negocios #ahorro #finanzaspersonales ",2023-01-11T02:15:48.000Z,capital_inteligente,negocios,5493,2864
47,11700000,https://www.tiktok.com/@profejuanji/video/7122856245131840774,Cuando se grad√∫an los #estudiantes de #medicina #negocios #informatica #comunicacion #psicologia #comediahumor,2022-07-21T16:00:07.000Z,profejuanji,negocios,25100,7672
48,12700000,https://www.tiktok.com/@capital_inteligente/video/7194599751164235013,"¬øAs√≠ son los negocios? üßê Comenta tu opini√≥n üëáüèª Cu√°ndo era m√°s joven, pensaba que para tener un negocio exitoso ten√≠a que hacer todo yo üôáüèª‚Äç‚ôÇÔ∏è La Programaci√≥n , El Marketing, La Publicidad, Las Finanzas, Cumplir con las Leyes Etc ü§Ø Y aunque esto es verdad al principio, conforme vas creciendo con tu negocio te das cuenta que no se trata de hacer todo t√∫, sino m√°s bien en encontrar la persona correcta para hacerlo üß†. Si Steve Jobs cre√≥ la empresa tecnol√≥gica m√°s grande del mundo SIN SABER PROGRAMAR, estoy seguro que t√∫ tambi√©n puedes hacer algo grande con lo que tienes a la mano ‚úãüèª #emprendimiento #emprender #emprendedor #negocios #negocio #emprendedores #dinero ",2023-01-31T00:01:42.000Z,capital_inteligente,negocios,2320,2362
49,14800000,https://www.tiktok.com/@jaimehigueraes/video/7267281827117731104,,2023-08-14T20:45:12.000Z,jaimehigueraes,negocios,64000,5166
50,9900000,https://www.tiktok.com/@socialmario/video/7049056822799486214,Ya haces esto? üëÄ #finanzas #dinero#negocios #apple,2022-01-03T19:00:38.000Z,socialmario,negocios,23800,5665
51,12700000,https://www.tiktok.com/@saborechurros/video/7249845274254806278,Voce tamb√©m consegue üíñ #fyp„Ç∑ #viral #negocios ,2023-06-28T21:02:27.000Z,saborechurros,negocios,8676,9560
52,15400000,https://www.tiktok.com/@soycharlygalleta/video/7249102839048375557,Esto pueden llegar a ganar $$$ | Ep. 77 REALIDAD #Podcast | Link en mi perfil | #lolateibolera #charlygalleta #realidad #teibol #teiboldance #teiboleras #negocios,2023-06-26T21:02:58.000Z,soycharlygalleta,negocios,74100,12400
53,18200000,https://www.tiktok.com/@johnny_stock/video/7100663118627441925,El monopolio de las gafas #finanzas #dinero #inversion #lujo #negocios,2022-05-22T20:39:27.000Z,johnny_stock,negocios,40100,7579
54,11100000,https://www.tiktok.com/@titanesempresarios1/video/7084334271116102917,El inicio de McDonald's #titanesempresarios #fyp„Ç∑ #elfundador #hambredepoder #mcdonalds #empresa #empresario #negocios #motivacion,2022-04-08T20:35:09.000Z,titanesempresarios1,negocios,4082,4337
55,11200000,https://www.tiktok.com/@m4nueldeleon/video/6953693489880141062,Ve el link de mi bio @m4nueldeleon | #manueldeleon #emprendimiento #negocios  #dignodeunoscar,2021-04-21T19:22:14.000Z,m4nueldeleon,negocios,1715,7912
56,12700000,https://www.tiktok.com/@josephramirezrivera/video/6933343059530747142,#yosoycreador #androidtrucos #trucoscelular #telocuento #camaradeseguridad #camaraweb #webcam #negocios #bebes #seguridad,2021-02-25T23:12:20.000Z,josephramirezrivera,negocios,76500,13900
57,7300000,https://www.tiktok.com/@gogogomitas_/video/7185331257843272965,@eva_mvc_09 @romina.castillo_ ?#negocios #fyp„Ç∑ #parati #viral #emprendimiento #secundaria #amigas #pov #fyppppppppppppppppppppppp #foryoupage ,2023-01-06T00:35:09.000Z,gogogomitas_,negocios,16500,8373
58,8300000,https://www.tiktok.com/@dan_fuentes/video/7235442915693038853,C√≥mo hacerte millonario empezando a los 15 a√±os üìàüíµ #negocios #emprendimiento #inversiones #finanzas #finanzsspersonales #sidehustle #mentalidad,2023-05-21T01:33:55.000Z,dan_fuentes,negocios,21700,3625
59,10300000,https://www.tiktok.com/@gus.marcos/video/7233843944998587654,Estos son los negocios que no pasan de moda üè†üè¶ #negocios #inversion #realestate #emprendimiento ,2023-05-16T18:09:06.000Z,gus.marcos,negocios,30800,2254
60,7700000,https://www.tiktok.com/@xjay.halo/video/7173301221892164869,I love them please im crying #fy  #ship #wlw #lgbtq #fyp #ai #faceplay #aiapp #aiapplications #meitu #meituapp #meituquality ,2022-12-04T14:32:27.000Z,xjay.halo,aiapp,3410,8526
61,8500000,https://www.tiktok.com/@cotipagliettini/video/7256853701233577222,App de DISE√ëO que tenes que conocerüôå @blend #dise√±ografico #emprendedor #communitymanager #redessociales #socialmedia #aidesign #aiapp #ai #backgrounderaser #borrarfondo #instagramtips #fotoproducto ,2023-07-17T18:18:43.000Z,cotipagliettini,aiapp,11600,297
62,1900000,https://www.tiktok.com/@237jackie/video/7176675183586053381,#CapCut #AIapp #237jackie #237jackieü•∞ #237jackieü¶ã‚ù§Ô∏è ,2022-12-13T16:45:06.000Z,237jackie,aiapp,241,892
63,1100000,https://www.tiktok.com/@clairenitsontiktok/video/7222934986364620059,chai traumatized me(even tho I still use it) #mogaepyepeüóø #kontengjls #aiapp ,2023-04-17T08:36:49.000Z,clairenitsontiktok,aiapp,933,3585
64,1400000,https://www.tiktok.com/@azharaz836/video/7242330042242518277,very useful and amazing Ai App #ideariumai #Ai #aiapp #tipsandtricks #tech #azharaz836 ,2023-06-08T14:59:27.000Z,azharaz836,aiapp,6934,437
65,2100000,https://www.tiktok.com/@judearmani/video/7174710465715571994,#CapCut #ai #AI #aiapp #aiaiaiaichallenge #aiph #fyp ,2022-12-08T09:41:00.000Z,judearmani,aiapp,342,492
66,641200,https://www.tiktok.com/@pedrodaniel.ia/video/7246164932775972102,Crie aplicativos e sites de uma forma incr√≠vel com essa ferramenta ü§ñ Nome da ferramenta: uizard.io #ai #ia #aplicativo #chatgpt #ferramenta #inteligenciaartificial #artificialintelligence #gpt #chat #bing #pedrodanielia #mestredochatgpt #tecnologia #ferramentas #openai #conteudo #marketingdigital #markting #content #chatbot #digital #uizard #uizardio #aplicativoemsegundos #iaapp #aiapp #fyp #fyp„Ç∑ #foryoupage #foryou ,2023-06-18T23:00:50.000Z,pedrodaniel.ia,aiapp,9866,436
67,1500000,https://www.tiktok.com/@imagica_ai/video/7262882623154834730,There's no shame in letting AI do the heavy lifting üòâ #nocode #appbuilder #aiappbuilder #aiapp #techlifememe #techlifehack ,2023-08-03T00:14:04.000Z,imagica_ai,aiapp,1057,209
68,844800,https://www.tiktok.com/@technew38/video/7281295599058586886,Very usefull Ai website #ai #aiwebsite #aiapp #tech #techtok #studytok #edutok #technew #app #usefullwebsite @TikTok @TiktokPakistanOfficial ,2023-09-21T15:05:43.000Z,technew38,aiapp,3908,105
69,1500000,https://www.tiktok.com/@katierollins.tiktok/video/7256410895482441003,That girl didnt eat cheese 4x yesterday like i did #capcut #reminiapp #aiapp #ouch ,2023-07-16T13:40:54.000Z,katierollins.tiktok,aiapp,220,383
70,1300000,https://www.tiktok.com/@viviilizz/video/7240577338948193562,Oh well get ready Kakashi - I will steal your heart. #narutofilter #naruto #ai #aimanga #aimirror #aiapp #narutouniverse #fyp #fyp„Ç∑ #anitok #animetiktok #CapCut ,2023-06-03T21:38:13.000Z,viviilizz,aiapp,225,468
71,221100,https://www.tiktok.com/@jeriblossom27/video/7288990085624630536,Vannesa Hudgens or Ivanna charreng üòÖü§£ü§£ü§£ the yearbook I never had ü§≠ #foryoupage #fyp #aiapp #aiyearbook #epikapp ,2023-10-12T08:44:15.000Z,jeriblossom27,aiapp,24,205
72,540200,https://www.tiktok.com/@aidailyinsights/video/7242389738240363778,Imagica AI can build an app in minutes ü´¢ #app #appai #aiapp #chatgpt #imagica #aitools #aitool #aitoolsforbusiness ,2023-06-08T18:51:10.000Z,aidailyinsights,aiapp,6809,281
73,331100,https://www.tiktok.com/@zady_experience/video/7177077725302197509,AI filter apps  AI filter effects  #zady_experience #aifilterapp #aieffect #aiapp #aichallenge #kaganxmasgiveaways ,2022-12-14T18:47:09.000Z,zady_experience,aiapp,142,3926
74,669700,https://www.tiktok.com/@techusama/video/7279361428904004869,Image To Video Ai Amazing Appüî• @DupDub Team  #DupDubTalkingAI #aiavatar #aitools #virtualinfluencer #ai #aiapp #talkingphotos #techusama #app #foryou #usatiktok #grow #tech #technology #techvideo #foryoupage #fyp„Ç∑ ,2023-09-16T10:00:09.000Z,techusama,aiapp,347,227
75,354700,https://www.tiktok.com/@237jackie/video/7176990802726374662,#AIapp #237jackie #237jackieü•∞ ,2022-12-14T13:09:52.000Z,237jackie,aiapp,49,270
76,723400,https://www.tiktok.com/@universo.ia1/video/7278415394413497606,O padr√£o de beleza de cada estado brasileiro vers√£o I.A parte final! O que acharam? Comentem mais ideias para os pr√≥ximos v√≠deos ‚ò∫Ô∏è!! #ia #aiapp #padraodebeleza #estadobrasileiro #foryou #fyy #curiosidades #estado #inteligenciaartificial #artificialintelligence #ai #aicreation #AprendaNoTikTok ,2023-09-13T20:49:05.000Z,universo.ia1,aiapp,181,2468
77,330500,https://www.tiktok.com/@xjay.halo/video/7173417881642880261,Sobbing PT2 #fy #ship #wlw #lgbtq #fyp #ai #faceplay #aiapp #aiapplications #meitu #meituapp #meituquality ,2022-12-04T22:05:08.000Z,xjay.halo,aiapp,24,162
78,293600,https://www.tiktok.com/@kwtdrn_/video/7239146057681112362,sorry for the innactivity guys. i decided to become a wattpad writer and somehow a helicopter crashed on me while i was walking my cat and then i got into a coma and my mom divorced my dad and there was some law stuff we had to do but then i found my long lost dog and we had to take care of him for a while but suddenly the mafia came knocking at my door saying im in severe debt. (i was grinding on ensemble stars)  #hoyoversestarrail #aichat #hyv #fyp„Ç∑ #hoyoverse #characteraibot #hoyo #starrail #honkai #foru #hsr #starrailcharacters #characterai #aiapp #characteraiapp #characteraichat ,2023-05-31T01:04:11.000Z,kwtdrn_,aiapp,533,986
79,987000,https://www.tiktok.com/@godigitalproduction/video/7286427020249140481,Digitize your photos with Ai app. Photo scanning app. #photomyne #memories #digitize #aiapp #vaangasollitharen #godigitalproduction #tamil #tamiltiktok #tamiltiktokmalaysia #tamiluae #tamilsrilanka #aiguru ,2023-10-05T10:58:21.000Z,godigitalproduction,aiapp,14500,214
80,2500000,https://www.tiktok.com/@r.bsalma/video/7175963065874189574,C‚Äôest incroyable!ü•π#CapCut #ia #dawnai #fyp #pourtoi #avatar #viral #aitrend #iaapp @BSalma ,2022-12-11T18:41:43.000Z,r.bsalma,iaapp,399,517
81,640800,https://www.tiktok.com/@pedrodaniel.ia/video/7246164932775972102,Crie aplicativos e sites de uma forma incr√≠vel com essa ferramenta ü§ñ Nome da ferramenta: uizard.io #ai #ia #aplicativo #chatgpt #ferramenta #inteligenciaartificial #artificialintelligence #gpt #chat #bing #pedrodanielia #mestredochatgpt #tecnologia #ferramentas #openai #conteudo #marketingdigital #markting #content #chatbot #digital #uizard #uizardio #aplicativoemsegundos #iaapp #aiapp #fyp #fyp„Ç∑ #foryoupage #foryou ,2023-06-18T23:00:50.000Z,pedrodaniel.ia,iaapp,9862,434
82,290600,https://www.tiktok.com/@pedrodaniel.ia/video/7253208119717776645,Crie Um Aplicativo Em Minutos üì± #ai #ia #aplicativo #app #chatgpt #imagica #imagicaai #ferramenta #inteligenciaartificial #artificialintelligence #gpt #chat #bing #pedrodanielia #mestredochatgpt #tecnologia #ferramentas #openai #conteudo #marketingdigital #markting #content #chatbot #digital #uizard #uizardio #aplicativoemsegundos #iaapp #aiapp #fyp #foryou #fyp„Ç∑ #foryoupage ,2023-07-07T22:32:00.000Z,pedrodaniel.ia,iaapp,3932,117
83,157200,https://www.tiktok.com/@pedrodaniel.ia/video/7261740715468737797,Crie V√≠deos Usando Imagens üìπ #ai #ia #aplicativo #chatgpt #runway #runwayml #video #imagetovideo #imagememvideo #ferramenta #inteligenciaartificial #artificialintelligence #gpt #chat #bing #pedrodanielia #mestredochatgpt #tecnologia #ferramentas #openai #conteudo #marketingdigital #markting #content #chatbot #digital #uizard #uizardio #aplicativoemsegundos #iaapp #fyp #foryou #foryoupage #fyp„Ç∑ ,2023-07-30T22:22:49.000Z,pedrodaniel.ia,iaapp,2403,93
84,578800,https://www.tiktok.com/@lucie9601/video/7176822346680978693,C'est incroyable! Cliquez juste sur ¬´ essaie ce mod√®le ¬ª#CapCut #ia #dawnai #fyp #pourtoi #avatar #viral #aitrend #iaapp @‚ù§Ô∏èüíéLucieü¶ãüåπ ,2022-12-14T02:16:16.000Z,lucie9601,iaapp,60,280
85,131400,https://www.tiktok.com/@luisbizz/video/7193772448670600454,Otro poco y la Inteligencia Artificial me quita la chamba üòÖ #atificialintelligence #atificialintelligenceapps #ai #aiartificialintelligence #inteligenciaartificial #inteligencia_artificial #techtok #apps #iaapp #aiapp #aiapps ,2023-01-28T18:31:13.000Z,luisbizz,iaapp,456,17
86,57900,https://www.tiktok.com/@jafar_ouedraogo/video/7177026712755064069,c‚Äôest oufffü´†ü´†‚ù§Ô∏è#ia #dawnia #iaapp #aitrend #fyp ,2022-12-14T15:29:14.000Z,jafar_ouedraogo,iaapp,1,34
87,66600,https://www.tiktok.com/@nuriared/video/7184142397369027846,"Herramienta muy top, para hacer textos gratis para tu blog #contentcreator #blogcontent #iaapp #copywriting #tiktoktip ",2023-01-02T19:41:43.000Z,nuriared,iaapp,1669,12
88,29900,https://www.tiktok.com/@pedrodaniel.ia/video/7287350774206582022,Crie aplicativos e sites de uma forma incr√≠vel com essa ferramenta ü§ñ Nome da ferramenta: uizard.io #ai #ia #aplicativo #chatgpt #ferramenta #inteligenciaartificial #artificialintelligence #gpt #chat #bing #pedrodanielia #mestredochatgpt #tecnologia #ferramentas #openai #conteudo #marketingdigital #markting #content #chatbot #digital #uizard #uizardio #aplicativoemsegundos #iaapp #aiapp #fyp #fyp„Ç∑ #foryou #foryoupage ,2023-10-07T22:42:55.000Z,pedrodaniel.ia,iaapp,555,17
89,22800,https://www.tiktok.com/@pedrodaniel.ia/video/7260257523649842437,Crie Templates de Sites a Apartir de Um Desenho a M√£o‚úçÔ∏è A intelig√™ncia artificial chegou para facilitar o seu trabalho N√£o te substituir Nome da ferramenta: uizard.io #ai #ia #aplicativo #chatgpt #ferramenta #inteligenciaartificial #artificialintelligence #gpt #chat #bing #pedrodanielia #mestredochatgpt #tecnologia #ferramentas #openai #conteudo #marketingdigital #markting #content #chatbot #digital #uizard #uizardio #aplicativoemsegundos #iaapp #aiapp #fyp #fyp„Ç∑ #foryou #foryoupage ,2023-07-26T22:27:16.000Z,pedrodaniel.ia,iaapp,187,8
90,31900,https://www.tiktok.com/@tesisprimero/video/7274798597223271686,Aplicaciones con IA ü§ñ #tesisprimero #iaapp #inteligenciaartificial #tesistas ,2023-09-04T02:54:10.000Z,tesisprimero,iaapp,583,9
91,12700,https://www.tiktok.com/@luisbizz/video/7210169701731716358,Con la IA la vida es m√°s sabrosa üèñÔ∏èü§ñ #inteligenciaartificial #iaapp #ia #artificialintelligence #aiapp #ai ,2023-03-13T23:00:59.000Z,luisbizz,iaapp,84,4
92,4128,https://www.tiktok.com/@prissoujv/video/7178507507894111494,#CapCut #fyp* #pourtoi #gospelvideos #gospelmusic #positivevibes #priscajv #congolaise #angolaiseüá¶üá¥  #foryou  #curvymodel #tiktokcongokinshasaüá®üá©üá®üá©üá®üá©  #ia #dawnai #fp #pourtoi #avatar #viral #aitrend #iaapp ,2022-12-18T15:15:28.000Z,prissoujv,iaapp,1,28
93,1415,https://www.tiktok.com/@rolybaby_/video/7176437096385645829,ahora con una foto !!!! #rolybaby #todossomosrolybaby #foryou #parati #foryoupage #ai #ia #iaapp ,2022-12-13T01:21:15.000Z,rolybaby_,iaapp,0,23
94,4803,https://www.tiktok.com/@blaackpearl0/video/7178563159240756486,#CapCut #ia #dawnai #fyp #pourtoi #avatar #viral   #aitrend #iaapp,2022-12-18T18:51:24.000Z,blaackpearl0,iaapp,0,7
95,15300,https://www.tiktok.com/@vallyglitch/video/7264559162229558561,"Disegnare a mano (male) e trasformare il tuo disegno in pezzi di arte digitale... s√¨, non √® impossibile grazie a stable-doodle.  Questa AI mi √® sembrata davvero carina e pu√≤ essere utile in tantissimi modi proprio perch√© pu√≤ partire da un tuo disegno fatto col mouse (e quindi da un disegno bruttoüòÖ) e lo pu√≤ trasformare in qualcosa di davvero bello  Make AI paint anything you like! Amazing AI art generator @The Glitch @The Glitch @The Glitch  #aiart #aiapp #aitool #aiartgenerator #strumentiutili #intelligenzaartificiale #ai #digitalmarketing  #artificialintelligence #ia #artificial_intelligence #intelligenza_artificiale #iatool #generativeai #generativeaifill #generativeia #iaapp #iapp #appai #appia #appart #artapp #aitools #iatools #toolia #toolai #toolsai #appforart #appforartists #midjourney #chatgpt ",2023-08-07T12:39:53.000Z,vallyglitch,iaapp,131,21
96,12500,https://www.tiktok.com/@vallyglitch/video/7226283661916900634,Questa AI d√† del filo da torcere a Midjourney : Nightcafe √® qui! @The Glitch  @The Glitch @The Glitch  #midjourney #nightcafe #nightcafestudio #nightcafeai #nightcafeartgenerator #ai #ia #intelligenzaartificiale #intelligenzartificiale #artificialintelligence #intelligenzaartificialeartistica #intelligenzartificialeart #aiart #iaart #aitool #aitools #iatool #iatools #bestai #aibest #iabest #aiapp #aiapps #aiapplications #aiapptrend #iaapp #toolai #toolia #toolsai #tiktokviralvideo #aiartgenerator #aiediting #aigenerator #aifreetools #aitok #aiart #aigraphic #chatgpttools #sitiutili #chatgpt #gpt #gpt4 #gpt3 #gpt350 #gpt35 #aitiktok #tiktokai #iatok #iatiktok #perte @NightCafe Studio | AI Art ,2023-04-26T09:11:23.000Z,vallyglitch,iaapp,183,26
97,3639,https://www.tiktok.com/@_shiny__c/video/7177341707359390981,C‚Äôest incroyable üòª #CapCut #ia #dawnai #ai #avatar #viral #trendai #aitrend #iaapp #pourtoi #fyp ,2022-12-15T11:51:33.000Z,_shiny__c,iaapp,1,0
98,14400,https://www.tiktok.com/@vallyglitch/video/7224781436560215322,SLIDES in 10 secondi con questa AI üò±üí•üòç @The Glitch @The Glitch @The Glitch  #aiart #ai #ia #aislides #slidesai #intelligenzaartificiale #intelligenzartificiale #intelligenzartificialeart #presentazioni #toolutili #aitool #toolai #iatool #toolia #aitools #aitoolsforbusiness #iatools #bestai #freeai #aifree #aigratis #iagratis #besttool #bestool #besttols #bestools #aibest #aiapp #aiapps #aiapplications #aiapptrend #iaapp #appai #appia #intelligenceartificielle #presentazioni #tomeai #tome #tiktokviralvideo #aitok #aiart ,2023-04-22T08:01:58.000Z,vallyglitch,iaapp,204,15
99,3590,https://www.tiktok.com/@solamenteia/video/7291397575901547809,#appsia #chatgpt #iaapp #iaapproved #perplexityai #askai #genie #chaton #perplexity #herramientasia #apps #aplicaciones #aprendeia #soloia #conia #chatgtp#chatgtpideas #chatgpt ,2023-10-18T20:26:36.000Z,solamenteia,iaapp,12,0
